AC1KRZ_000257	sp|N1PA11|MAL11_YEASC	sp|N1PA11|MAL11_YEASC General alpha-glucoside permease OS=Saccharomyces cerevisiae (strain CEN.PK113-7D) OX=889517 GN=MAL11 PE=3 SV=1	7.30e-18	81.6
AC1KRZ_001716	sp|I2C092|MANBB_THETO	sp|I2C092|MANBB_THETO Beta-mannosidase B OS=Thermothelomyces thermophilus OX=78579 GN=man9 PE=1 SV=1	3.65e-209	618
AC1KRZ_001753	sp|Q75DG6|DCW1_EREGS	sp|Q75DG6|DCW1_EREGS Mannan endo-1,6-alpha-mannosidase DCW1 OS=Eremothecium gossypii (strain ATCC 10895 / CBS 109.51 / FGSC 9923 / NRRL Y-1056) OX=284811 GN=DCW1 PE=3 SV=2	3.18e-90	280
AC1KRZ_001865	sp|Q9VWP4|SUOX_DROME	sp|Q9VWP4|SUOX_DROME Sulfite oxidase, mitochondrial OS=Drosophila melanogaster OX=7227 GN=shop PE=1 SV=1	8.83e-17	79.0
AC1KRZ_001997	sp|A0R2W9|MCA_MYCS2	sp|A0R2W9|MCA_MYCS2 Mycothiol S-conjugate amidase OS=Mycolicibacterium smegmatis (strain ATCC 700084 / mc(2)155) OX=246196 GN=mca PE=1 SV=1	5.42e-125	361
AC1KRZ_002030	sp|B0K2C2|BOLMP_THEPX	sp|B0K2C2|BOLMP_THEPX 1,2-beta-oligomannan phosphorylase OS=Thermoanaerobacter sp. (strain X514) OX=399726 GN=Teth514_1788 PE=1 SV=1	3.30e-38	142
AC1KRZ_002346	sp|P46592|MNT2_CANAL	sp|P46592|MNT2_CANAL Glycolipid 2-alpha-mannosyltransferase 2 OS=Candida albicans (strain SC5314 / ATCC MYA-2876) OX=237561 GN=MNT2 PE=3 SV=4	1.08e-91	285
AC1KRZ_002505	sp|P46592|MNT2_CANAL	sp|P46592|MNT2_CANAL Glycolipid 2-alpha-mannosyltransferase 2 OS=Candida albicans (strain SC5314 / ATCC MYA-2876) OX=237561 GN=MNT2 PE=3 SV=4	2.32e-75	237
AC1KRZ_002624	sp|Q940L5|DSP4_ARATH	sp|Q940L5|DSP4_ARATH Inositol diphosphatase DSP4 OS=Arabidopsis thaliana OX=3702 GN=DSP4 PE=1 SV=1	4.16e-15	72.0
AC1KRZ_000314	sp|P46218|Y1674_SULAC	sp|P46218|Y1674_SULAC Uncharacterized protein Saci_1674 OS=Sulfolobus acidocaldarius (strain ATCC 33909 / DSM 639 / JCM 8929 / NBRC 15157 / NCIMB 11770) OX=330779 GN=Saci_1674 PE=3 SV=2	3.61e-34	128
AC1KRZ_000392	sp|P32454|APE2_YEAST	sp|P32454|APE2_YEAST Aminopeptidase 2, mitochondrial OS=Saccharomyces cerevisiae (strain ATCC 204508 / S288c) OX=559292 GN=APE2 PE=1 SV=4	2.33e-22	93.6
AC1KRZ_000436	sp|Q12226|AYT1_YEAST	sp|Q12226|AYT1_YEAST Trichothecene 3-O-acetyltransferase OS=Saccharomyces cerevisiae (strain ATCC 204508 / S288c) OX=559292 GN=AYT1 PE=1 SV=1	6.58e-08	58.5
AC1KRZ_002997	sp|Q09850|ENG2_SCHPO	sp|Q09850|ENG2_SCHPO Ascus wall glucan endo-1,3-beta-D-glucosidase OS=Schizosaccharomyces pombe (strain 972 / ATCC 24843) OX=284812 GN=eng2 PE=1 SV=1	1.68e-102	335
AC1KRZ_003021	sp|P27457|LIGE_SPHSK	sp|P27457|LIGE_SPHSK Beta-etherase OS=Sphingobium sp. (strain NBRC 103272 / SYK-6) OX=627192 GN=ligE PE=1 SV=3	3.36e-08	55.5
AC1KRZ_003034	sp|P51691|ARS_PSEAE	sp|P51691|ARS_PSEAE Arylsulfatase OS=Pseudomonas aeruginosa (strain ATCC 15692 / DSM 22644 / CIP 104116 / JCM 14847 / LMG 12228 / 1C / PRS 101 / PAO1) OX=208964 GN=atsA PE=1 SV=3	5.05e-173	501
AC1KRZ_003090	sp|A0A2H0ZJA8|PTRA_CANAR	sp|A0A2H0ZJA8|PTRA_CANAR Peptide transporter PTR_A OS=Candidozyma auris OX=498019 GN=PTR_A PE=3 SV=1	6.02e-176	514
AC1KRZ_003113	sp|P34054|INDA1_HYPAT	sp|P34054|INDA1_HYPAT Amino-acid permease inda1 OS=Hypocrea atroviridis OX=63577 GN=inda1 PE=2 SV=1	4.56e-51	187
AC1KRZ_003555	sp|A7MN07|DGOD_CROS8	sp|A7MN07|DGOD_CROS8 D-galactonate dehydratase OS=Cronobacter sakazakii (strain ATCC BAA-894) OX=290339 GN=dgoD PE=3 SV=1	6.16e-102	309
AC1KRZ_003957	sp|Q6L732|KANJ_STRKN	sp|Q6L732|KANJ_STRKN Kanamycin B dioxygenase OS=Streptomyces kanamyceticus OX=1967 GN=kanJ PE=1 SV=1	7.62e-26	107
AC1KRZ_003986	sp|P32454|APE2_YEAST	sp|P32454|APE2_YEAST Aminopeptidase 2, mitochondrial OS=Saccharomyces cerevisiae (strain ATCC 204508 / S288c) OX=559292 GN=APE2 PE=1 SV=4	1.49e-222	655
AC1KRZ_003989	sp|P37898|AAP1_YEAST	sp|P37898|AAP1_YEAST Alanine/arginine aminopeptidase OS=Saccharomyces cerevisiae (strain ATCC 204508 / S288c) OX=559292 GN=AAP1 PE=1 SV=2	7.26e-55	192
AC1KRZ_004070	sp|B5VF36|MPH3_YEAS6	sp|B5VF36|MPH3_YEAS6 Alpha-glucosides permease MPH3 OS=Saccharomyces cerevisiae (strain AWRI1631) OX=545124 GN=MPH3 PE=3 SV=1	9.49e-06	46.2
AC1KRZ_000849	sp|D4AUH6|HEX1_ARTBC	sp|D4AUH6|HEX1_ARTBC Beta-hexosaminidase ARB_07893 OS=Arthroderma benhamiae (strain ATCC MYA-4681 / CBS 112371) OX=663331 GN=ARB_07893 PE=1 SV=1	1.85e-104	326
AC1KRZ_004275	sp|Q5BFG8|BGLB_EMENI	sp|Q5BFG8|BGLB_EMENI Beta-glucosidase B OS=Emericella nidulans (strain FGSC A4 / ATCC 38163 / CBS 112.46 / NRRL 194 / M139) OX=227321 GN=bglB PE=1 SV=1	2.45e-24	103
AC1KRZ_001042	sp|D0E8I5|PHNZ_UNCHF	sp|D0E8I5|PHNZ_UNCHF 2-amino-1-hydroxyethylphosphonate dioxygenase (glycine-forming) OS=Uncultured bacterium HF130_AEPn_1 OX=663362 GN=phnZ PE=1 SV=1	1.92e-37	131
AC1KRZ_004610	sp|P40900|ISP4_SCHPO	sp|P40900|ISP4_SCHPO Sexual differentiation process protein isp4 OS=Schizosaccharomyces pombe (strain 972 / ATCC 24843) OX=284812 GN=isp4 PE=2 SV=2	6.36e-19	89.7
AC1KRZ_004653	sp|P53753|ENG1_YEAST	sp|P53753|ENG1_YEAST Glucan endo-1,3-beta-D-glucosidase 1 OS=Saccharomyces cerevisiae (strain ATCC 204508 / S288c) OX=559292 GN=DSE4 PE=1 SV=1	4.40e-10	65.9
AC1KRZ_004722	sp|Q9URX1|YLX5_SCHPO	sp|Q9URX1|YLX5_SCHPO UNC93-like protein C922.05c OS=Schizosaccharomyces pombe (strain 972 / ATCC 24843) OX=284812 GN=SPAC922.05c PE=3 SV=1	2.67e-87	278
AC1KRZ_004843	sp|Q9C8M1|PT153_ARATH	sp|Q9C8M1|PT153_ARATH Probable sugar phosphate/phosphate translocator At1g53660 OS=Arabidopsis thaliana OX=3702 GN=At1g53660 PE=3 SV=2	3.63e-17	82.4
AC1KRZ_004934	sp|Q9UT61|MAN1_SCHPO	sp|Q9UT61|MAN1_SCHPO Alpha-mannosidase OS=Schizosaccharomyces pombe (strain 972 / ATCC 24843) OX=284812 GN=ams1 PE=1 SV=1	5.59e-287	833
AC1KRZ_004937	sp|P38156|MAL31_YEAST	sp|P38156|MAL31_YEAST Maltose permease MAL31 OS=Saccharomyces cerevisiae (strain ATCC 204508 / S288c) OX=559292 GN=MAL31 PE=1 SV=1	2.08e-22	95.9
AC1KRZ_004996	sp|Q6FLP9|DCW1_CANGA	sp|Q6FLP9|DCW1_CANGA Mannan endo-1,6-alpha-mannosidase DCW1 OS=Candida glabrata (strain ATCC 2001 / BCRC 20586 / JCM 3761 / NBRC 0622 / NRRL Y-65 / CBS 138) OX=284593 GN=DCW1 PE=3 SV=1	5.39e-119	353
AC1KRZ_001514	sp|O74360|RGA4_SCHPO	sp|O74360|RGA4_SCHPO Probable Rho-type GTPase-activating protein 4 OS=Schizosaccharomyces pombe (strain 972 / ATCC 24843) OX=284812 GN=rga4 PE=1 SV=2	1.03e-14	81.6
AC1KRY_000131	sp|Q940L5|DSP4_ARATH	sp|Q940L5|DSP4_ARATH Inositol diphosphatase DSP4 OS=Arabidopsis thaliana OX=3702 GN=DSP4 PE=1 SV=1	4.16e-15	72.0
AC1KRY_001384	sp|Q9S850|SUOX_ARATH	sp|Q9S850|SUOX_ARATH Sulfite oxidase OS=Arabidopsis thaliana OX=3702 GN=SOX PE=1 SV=1	4.15e-11	61.6
AC1KRY_005001	sp|Q9UT61|MAN1_SCHPO	sp|Q9UT61|MAN1_SCHPO Alpha-mannosidase OS=Schizosaccharomyces pombe (strain 972 / ATCC 24843) OX=284812 GN=ams1 PE=1 SV=1	1.20e-179	545
AC1KRY_005004	sp|P32454|APE2_YEAST	sp|P32454|APE2_YEAST Aminopeptidase 2, mitochondrial OS=Saccharomyces cerevisiae (strain ATCC 204508 / S288c) OX=559292 GN=APE2 PE=1 SV=4	7.38e-61	209
AC1KRY_005009	sp|P32454|APE2_YEAST	sp|P32454|APE2_YEAST Aminopeptidase 2, mitochondrial OS=Saccharomyces cerevisiae (strain ATCC 204508 / S288c) OX=559292 GN=APE2 PE=1 SV=4	2.24e-186	555
AC1KRY_005019	sp|D0E8I5|PHNZ_UNCHF	sp|D0E8I5|PHNZ_UNCHF 2-amino-1-hydroxyethylphosphonate dioxygenase (glycine-forming) OS=Uncultured bacterium HF130_AEPn_1 OX=663362 GN=phnZ PE=1 SV=1	4.26e-39	135
AC1KRY_001662	sp|D4AUH6|HEX1_ARTBC	sp|D4AUH6|HEX1_ARTBC Beta-hexosaminidase ARB_07893 OS=Arthroderma benhamiae (strain ATCC MYA-4681 / CBS 112371) OX=663331 GN=ARB_07893 PE=1 SV=1	3.50e-111	343
AC1KRY_001701	sp|A0R2W9|MCA_MYCS2	sp|A0R2W9|MCA_MYCS2 Mycothiol S-conjugate amidase OS=Mycolicibacterium smegmatis (strain ATCC 700084 / mc(2)155) OX=246196 GN=mca PE=1 SV=1	7.69e-125	360
AC1KRY_001774	sp|A2QQV6|QUTD_ASPNC	sp|A2QQV6|QUTD_ASPNC Probable quinate permease OS=Aspergillus niger (strain ATCC MYA-4892 / CBS 513.88 / FGSC A1513) OX=425011 GN=qutD PE=3 SV=1	5.45e-17	79.0
AC1KRY_002022	sp|B0K2C2|BOLMP_THEPX	sp|B0K2C2|BOLMP_THEPX 1,2-beta-oligomannan phosphorylase OS=Thermoanaerobacter sp. (strain X514) OX=399726 GN=Teth514_1788 PE=1 SV=1	1.51e-38	142
AC1KRY_002099	sp|G4N374|MPS1_PYRO7	sp|G4N374|MPS1_PYRO7 Mitogen-activated protein kinase MPS1 OS=Pyricularia oryzae (strain 70-15 / ATCC MYA-4617 / FGSC 8958) OX=242507 GN=MPS1 PE=1 SV=1	1.40e-40	144
AC1KRY_002599	sp|Q00310|MNT1_CANAL	sp|Q00310|MNT1_CANAL Glycolipid 2-alpha-mannosyltransferase 1 OS=Candida albicans (strain SC5314 / ATCC MYA-2876) OX=237561 GN=MNT1 PE=3 SV=1	2.08e-80	252
AC1KRY_002895	sp|Q6E434|TRF1_SCHPO	sp|Q6E434|TRF1_SCHPO Telomeric DNA-binding factor trf1 OS=Schizosaccharomyces pombe (strain 972 / ATCC 24843) OX=284812 GN=trf1 PE=1 SV=1	1.06e-30	129
AC1KRY_003038	sp|D4AZ24|ENG1_ARTBC	sp|D4AZ24|ENG1_ARTBC Glucan endo-1,3-beta-D-glucosidase ARB_01444 OS=Arthroderma benhamiae (strain ATCC MYA-4681 / CBS 112371) OX=663331 GN=ARB_01444 PE=1 SV=1	2.47e-74	262
AC1KRY_003321	sp|A0A2H0ZJA8|PTRA_CANAR	sp|A0A2H0ZJA8|PTRA_CANAR Peptide transporter PTR_A OS=Candidozyma auris OX=498019 GN=PTR_A PE=3 SV=1	2.12e-176	515
AC1KRY_003396	sp|B1LPS5|DGOD1_ECOSM	sp|B1LPS5|DGOD1_ECOSM D-galactonate dehydratase 1 OS=Escherichia coli (strain SMS-3-5 / SECEC) OX=439855 GN=dgoD1 PE=3 SV=1	6.92e-107	322
AC1KRY_000752	sp|Q6L732|KANJ_STRKN	sp|Q6L732|KANJ_STRKN Kanamycin B dioxygenase OS=Streptomyces kanamyceticus OX=1967 GN=kanJ PE=1 SV=1	2.01e-26	108
AC1KRY_003452	sp|O14031|PGT1_SCHPO	sp|O14031|PGT1_SCHPO Glutathione transporter 1 OS=Schizosaccharomyces pombe (strain 972 / ATCC 24843) OX=284812 GN=pgt1 PE=1 SV=1	6.01e-17	85.5
AC1KRY_003454	sp|P40900|ISP4_SCHPO	sp|P40900|ISP4_SCHPO Sexual differentiation process protein isp4 OS=Schizosaccharomyces pombe (strain 972 / ATCC 24843) OX=284812 GN=isp4 PE=2 SV=2	1.16e-18	89.0
AC1KRY_003523	sp|Q75DG6|DCW1_EREGS	sp|Q75DG6|DCW1_EREGS Mannan endo-1,6-alpha-mannosidase DCW1 OS=Eremothecium gossypii (strain ATCC 10895 / CBS 109.51 / FGSC 9923 / NRRL Y-1056) OX=284811 GN=DCW1 PE=3 SV=2	3.68e-60	201
AC1KRY_003652	sp|I2C092|MANBB_THETO	sp|I2C092|MANBB_THETO Beta-mannosidase B OS=Thermothelomyces thermophilus OX=78579 GN=man9 PE=1 SV=1	5.15e-209	617
AC1KRY_000809	sp|Q12226|AYT1_YEAST	sp|Q12226|AYT1_YEAST Trichothecene 3-O-acetyltransferase OS=Saccharomyces cerevisiae (strain ATCC 204508 / S288c) OX=559292 GN=AYT1 PE=1 SV=1	2.12e-14	80.5
AC1KRY_004233	sp|P40406|NAGZ_BACSU	sp|P40406|NAGZ_BACSU Beta-hexosaminidase OS=Bacillus subtilis (strain 168) OX=224308 GN=nagZ PE=1 SV=1	9.78e-22	99.4
AC1KRY_004414	sp|P51691|ARS_PSEAE	sp|P51691|ARS_PSEAE Arylsulfatase OS=Pseudomonas aeruginosa (strain ATCC 15692 / DSM 22644 / CIP 104116 / JCM 14847 / LMG 12228 / 1C / PRS 101 / PAO1) OX=208964 GN=atsA PE=1 SV=3	2.66e-151	445
AC1KRY_004625	sp|Q9URZ4|CAT1_SCHPO	sp|Q9URZ4|CAT1_SCHPO Cationic amino acid transporter 1 OS=Schizosaccharomyces pombe (strain 972 / ATCC 24843) OX=284812 GN=cat1 PE=1 SV=3	3.69e-44	167
AC1KRY_004652	sp|Q6L732|KANJ_STRKN	sp|Q6L732|KANJ_STRKN Kanamycin B dioxygenase OS=Streptomyces kanamyceticus OX=1967 GN=kanJ PE=1 SV=1	2.14e-26	108
AC1KRY_004725	sp|B5VF36|MPH3_YEAS6	sp|B5VF36|MPH3_YEAS6 Alpha-glucosides permease MPH3 OS=Saccharomyces cerevisiae (strain AWRI1631) OX=545124 GN=MPH3 PE=3 SV=1	1.43e-13	72.0
AC1KRY_001218	sp|B5VF36|MPH3_YEAS6	sp|B5VF36|MPH3_YEAS6 Alpha-glucosides permease MPH3 OS=Saccharomyces cerevisiae (strain AWRI1631) OX=545124 GN=MPH3 PE=3 SV=1	3.02e-11	66.2
AC1KRY_001268	sp|P14002|BGLB_ACET2	sp|P14002|BGLB_ACET2 Thermostable beta-glucosidase B OS=Acetivibrio thermocellus (strain ATCC 27405 / DSM 1237 / JCM 9322 / NBRC 103400 / NCIMB 10682 / NRRL B-4536 / VPI 7372) OX=203119 GN=bglB PE=1 SV=2	3.05e-48	176
AC1KRY_004834	sp|N1PA11|MAL11_YEASC	sp|N1PA11|MAL11_YEASC General alpha-glucoside permease OS=Saccharomyces cerevisiae (strain CEN.PK113-7D) OX=889517 GN=MAL11 PE=3 SV=1	8.15e-31	122
AC1KRY_004906	sp|N1PA11|MAL11_YEASC	sp|N1PA11|MAL11_YEASC General alpha-glucoside permease OS=Saccharomyces cerevisiae (strain CEN.PK113-7D) OX=889517 GN=MAL11 PE=3 SV=1	9.78e-19	83.6
AC1KRY_004911	sp|N1PA11|MAL11_YEASC	sp|N1PA11|MAL11_YEASC General alpha-glucoside permease OS=Saccharomyces cerevisiae (strain CEN.PK113-7D) OX=889517 GN=MAL11 PE=3 SV=1	7.08e-17	79.0
