protein_id	Scer	Spom	Nirr	CneoH99	Ztri	Ncra	Cimm	Ccin	Afum	Amega	Mcir
AC1KRY_000002	0	0	0	0	0	0	0	0	0	0	0
AC1KRY_000016	0	0	0	0	0	0	0	0	0	0	0
AC1KRY_000032	0	0	0	0	0	0	0	0	0	0	0
AC1KRY_000044	0	0	0	0	0	0	0	0	0	0	0
AC1KRY_000061	0	0	0	0	0	0	0	0	0	0	0
AC1KRY_000066	0	0	0	0	0	0	0	0	0	0	0
AC1KRY_000069	0	0	0	0	0	0	0	0	0	0	0
AC1KRY_000077	0	0	0	0	1	0	0	0	0	0	0
AC1KRY_000085	0	0	0	0	0	0	0	0	0	0	0
AC1KRY_000112	0	0	0	0	0	0	0	0	0	0	0
AC1KRY_000116	0	0	0	0	0	0	0	0	0	0	0
AC1KRY_000131	1	0	0	1	0	0	0	0	0	0	1
AC1KRY_000138	0	0	0	0	0	0	0	0	0	0	0
AC1KRY_000149	0	0	0	0	0	0	0	0	0	0	0
AC1KRY_000151	0	0	0	0	0	0	0	0	0	0	0
AC1KRY_000163	0	0	0	0	0	0	0	0	0	0	0
AC1KRY_000173	0	0	0	0	0	0	0	0	0	0	0
AC1KRY_000175	0	0	0	0	0	0	0	0	0	0	0
AC1KRY_000182	0	0	0	0	0	0	0	0	0	0	0
AC1KRY_000189	0	0	0	0	0	0	0	0	0	0	0
AC1KRY_000190	0	0	0	0	0	0	0	0	0	0	0
AC1KRY_000191	0	0	0	0	0	0	0	0	0	0	0
AC1KRY_000207	0	0	0	0	0	0	0	0	0	0	0
AC1KRY_000219	0	0	0	0	0	0	0	0	0	0	0
AC1KRY_000247	0	0	0	0	0	0	0	0	0	0	0
AC1KRY_000262	0	0	0	0	0	0	0	0	0	0	0
AC1KRY_000269	0	0	0	0	0	0	0	0	0	0	0
AC1KRY_000291	0	0	0	0	0	0	0	0	0	0	0
AC1KRY_000317	0	0	0	0	0	0	0	0	0	0	0
AC1KRY_000320	0	0	1	0	0	0	0	0	0	0	0
AC1KRY_000327	0	0	0	0	0	0	0	0	0	0	0
AC1KRY_000330	0	0	0	0	0	0	0	0	0	0	0
AC1KRY_000358	0	0	0	0	0	0	0	0	0	0	0
AC1KRY_000360	0	0	0	0	0	0	0	0	0	0	0
AC1KRY_000361	0	0	1	0	1	1	0	0	1	0	0
AC1KRY_000382	0	0	0	0	0	0	0	0	0	0	0
AC1KRY_000397	0	0	0	0	0	0	0	0	0	0	0
AC1KRY_000398	0	0	0	0	0	0	0	0	0	0	0
AC1KRY_000436	0	0	0	0	0	0	0	0	0	0	0
AC1KRY_000550	0	0	0	0	0	0	0	0	0	0	0
AC1KRY_000555	0	0	0	0	0	0	0	0	0	0	0
AC1KRY_000565	0	0	0	0	0	0	0	0	0	0	0
AC1KRY_000566	0	0	0	0	0	0	0	0	0	0	0
AC1KRY_000619	0	0	0	0	0	0	0	0	0	0	0
AC1KRY_000623	0	0	0	0	0	0	0	0	0	0	0
AC1KRY_000696	0	0	0	0	0	0	0	0	0	0	0
AC1KRY_000701	0	0	0	0	0	0	0	0	0	0	0
AC1KRY_000752	0	0	0	1	0	1	0	0	1	0	0
AC1KRY_000753	0	0	0	0	0	0	0	0	0	0	0
AC1KRY_000754	0	0	0	0	0	0	0	0	0	0	0
AC1KRY_000758	0	0	0	0	1	0	0	0	0	0	0
AC1KRY_000765	0	0	0	0	0	0	0	0	0	0	0
AC1KRY_000767	0	0	0	0	0	0	0	0	0	0	0
AC1KRY_000779	0	0	0	0	0	0	0	0	0	0	0
AC1KRY_000792	0	0	0	0	0	0	0	0	0	0	0
AC1KRY_000802	0	0	0	0	0	0	0	0	0	0	0
AC1KRY_000809	1	0	0	0	0	0	1	0	0	1	0
AC1KRY_000829	0	0	0	0	0	0	0	0	0	0	0
AC1KRY_000853	0	0	0	0	0	0	0	0	0	0	0
AC1KRY_000869	0	0	0	0	0	0	0	0	0	0	0
AC1KRY_000894	0	0	0	0	0	0	0	0	0	0	0
AC1KRY_000943	0	0	0	0	0	0	0	0	0	0	0
AC1KRY_000953	0	0	0	0	0	0	0	0	0	0	0
AC1KRY_001009	0	0	0	0	0	0	0	0	0	0	0
AC1KRY_001010	0	0	0	0	0	0	0	0	0	0	0
AC1KRY_001037	0	0	0	0	0	0	0	0	0	0	0
AC1KRY_001040	0	0	0	0	0	0	0	0	0	0	0
AC1KRY_001041	0	0	0	1	1	1	0	0	1	1	0
AC1KRY_001108	0	0	0	0	0	0	0	0	0	0	0
AC1KRY_001169	0	0	0	0	0	0	0	0	0	0	0
AC1KRY_001181	0	0	0	0	0	0	0	0	0	0	0
AC1KRY_001188	0	0	0	0	0	0	0	0	0	0	0
AC1KRY_001197	0	0	0	0	0	0	0	0	0	0	0
AC1KRY_001206	0	0	0	0	0	0	0	0	0	0	0
AC1KRY_001208	0	0	0	0	0	0	0	0	0	0	0
AC1KRY_001218	1	0	0	1	1	1	1	0	1	1	0
AC1KRY_001220	0	0	0	0	0	0	0	0	0	0	0
AC1KRY_001221	0	0	0	0	0	0	0	0	0	0	0
AC1KRY_001233	0	0	0	0	0	0	0	0	0	0	0
AC1KRY_001268	0	1	1	1	1	1	1	1	1	1	1
AC1KRY_001285	0	0	0	0	0	0	0	0	0	0	0
AC1KRY_001308	0	0	0	0	0	0	0	0	0	0	0
AC1KRY_001319	0	0	0	0	0	0	0	0	0	0	0
AC1KRY_001348	0	0	0	0	0	0	0	0	0	0	0
AC1KRY_001365	0	0	0	0	0	0	0	0	0	0	0
AC1KRY_001366	0	0	0	0	0	0	0	0	0	0	0
AC1KRY_001384	0	0	1	0	1	1	1	1	1	1	1
AC1KRY_001396	0	0	0	0	0	0	0	0	0	0	0
AC1KRY_001405	0	0	0	0	0	0	0	0	0	0	0
AC1KRY_001421	0	0	0	0	0	0	0	0	0	0	0
AC1KRY_001422	1	0	1	0	0	0	0	0	0	0	1
AC1KRY_001481	0	0	0	0	0	0	0	0	0	0	0
AC1KRY_001493	0	0	0	0	0	0	0	0	0	0	0
AC1KRY_001508	0	0	0	0	0	0	0	0	0	0	0
AC1KRY_001516	0	0	0	0	0	0	0	0	0	0	0
AC1KRY_001524	0	0	0	0	0	0	0	0	0	0	0
AC1KRY_001537	0	0	0	0	0	0	0	0	0	0	0
AC1KRY_001543	0	0	0	0	0	0	0	0	0	0	0
AC1KRY_001549	0	0	0	0	0	0	0	0	0	0	0
AC1KRY_001564	0	0	0	0	0	0	0	0	0	0	0
AC1KRY_001581	0	0	0	0	0	0	0	0	0	0	0
AC1KRY_001610	0	0	0	0	0	0	0	0	0	0	0
AC1KRY_001614	0	0	0	0	0	0	0	0	0	0	0
AC1KRY_001615	0	0	0	0	0	0	0	0	0	0	0
AC1KRY_001629	0	0	0	0	0	0	0	0	0	0	0
AC1KRY_001658	0	0	0	0	0	0	0	0	0	0	0
AC1KRY_001662	0	0	1	1	1	1	1	1	1	1	1
AC1KRY_001667	0	0	0	0	0	0	0	1	0	0	0
AC1KRY_001668	0	0	0	0	0	0	0	0	0	0	0
AC1KRY_001670	0	0	0	0	0	0	0	0	0	0	0
AC1KRY_001677	0	0	0	1	1	1	0	1	1	1	0
AC1KRY_001680	0	0	0	0	0	0	0	0	0	0	0
AC1KRY_001683	0	0	0	0	0	0	0	0	0	0	0
AC1KRY_001701	0	0	0	0	0	0	0	0	0	0	0
AC1KRY_001730	0	0	0	0	0	0	0	0	0	0	0
AC1KRY_001753	0	0	0	0	0	0	0	0	0	0	0
AC1KRY_001767	0	0	0	0	0	0	0	0	0	0	0
AC1KRY_001772	0	0	0	0	0	0	0	0	0	0	0
AC1KRY_001774	1	1	1	1	1	1	1	1	1	1	1
AC1KRY_001775	0	0	0	0	0	0	0	0	0	0	0
AC1KRY_001792	0	0	0	0	0	0	0	0	0	0	0
AC1KRY_001824	0	0	0	0	0	0	0	0	0	0	0
AC1KRY_001860	0	0	0	0	0	0	0	0	0	0	0
AC1KRY_001871	0	0	0	0	0	0	0	0	0	0	0
AC1KRY_001872	0	0	0	0	0	0	0	0	0	0	0
AC1KRY_001875	0	0	0	0	0	0	0	0	0	0	0
AC1KRY_001905	0	0	0	0	0	0	0	0	0	0	0
AC1KRY_001909	0	0	0	0	0	0	0	0	0	0	0
AC1KRY_001933	0	0	0	0	0	0	0	0	0	0	0
AC1KRY_001935	0	0	0	0	0	0	0	0	0	0	0
AC1KRY_001955	0	0	0	0	0	0	0	0	0	0	0
AC1KRY_001962	0	0	0	0	0	0	0	0	0	0	0
AC1KRY_001976	0	0	0	0	0	0	0	0	0	0	0
AC1KRY_002022	0	0	0	0	0	0	0	0	0	0	0
AC1KRY_002028	0	0	0	0	0	0	0	0	0	0	0
AC1KRY_002046	0	0	0	0	0	0	0	0	0	0	0
AC1KRY_002054	0	0	0	0	0	0	0	0	0	0	0
AC1KRY_002072	0	0	0	0	0	0	0	0	0	1	0
AC1KRY_002085	0	0	0	0	0	0	0	0	0	0	0
AC1KRY_002099	1	1	1	1	1	1	1	1	1	1	1
AC1KRY_002115	0	0	0	0	0	0	0	0	0	0	0
AC1KRY_002123	0	0	0	0	0	0	0	0	0	0	0
AC1KRY_002124	0	0	0	0	0	0	0	0	0	0	0
AC1KRY_002134	0	0	0	0	0	0	0	0	0	0	0
AC1KRY_002149	0	0	0	0	0	0	0	0	0	0	0
AC1KRY_002155	0	0	0	0	0	0	0	0	0	0	0
AC1KRY_002165	0	0	0	0	0	0	0	0	0	0	0
AC1KRY_002192	0	0	0	0	0	0	0	0	0	0	0
AC1KRY_002193	0	0	0	0	0	0	0	0	0	0	0
AC1KRY_002202	0	0	0	0	0	0	0	0	0	0	0
AC1KRY_002234	0	0	0	0	0	0	0	0	0	0	0
AC1KRY_002252	0	0	0	0	0	0	0	0	0	0	0
AC1KRY_002259	0	0	0	0	0	0	0	0	0	0	0
AC1KRY_002263	0	0	0	0	0	0	0	0	0	0	0
AC1KRY_002278	0	0	0	0	0	0	0	0	0	1	0
AC1KRY_002309	0	0	0	0	0	0	0	0	0	0	0
AC1KRY_002318	0	0	0	0	0	0	0	0	1	0	0
AC1KRY_002325	0	0	0	0	0	0	0	0	0	0	0
AC1KRY_002326	0	0	0	0	0	0	0	0	0	0	0
AC1KRY_002341	0	0	0	0	0	0	0	0	0	0	0
AC1KRY_002355	0	0	0	0	0	0	0	0	0	0	0
AC1KRY_002358	0	0	0	0	0	0	0	0	0	0	0
AC1KRY_002415	0	0	0	0	1	1	0	0	0	0	0
AC1KRY_002432	0	0	0	0	0	0	0	0	0	0	0
AC1KRY_002449	0	0	0	0	0	0	0	0	0	0	0
AC1KRY_002540	0	0	0	0	0	0	0	0	0	0	0
AC1KRY_002552	0	0	0	0	0	0	0	0	0	0	0
AC1KRY_002554	0	0	0	0	0	0	0	0	0	0	0
AC1KRY_002556	0	0	0	0	0	0	0	0	0	0	0
AC1KRY_002558	0	0	0	0	0	0	0	0	0	0	0
AC1KRY_002599	1	1	1	1	1	1	1	1	1	1	1
AC1KRY_002601	0	0	0	0	0	0	0	0	0	0	0
AC1KRY_002602	0	0	0	0	0	0	0	0	0	0	0
AC1KRY_002614	0	0	0	0	1	1	1	0	1	1	0
AC1KRY_002631	0	0	0	0	0	0	0	0	0	0	0
AC1KRY_002639	0	0	0	0	0	0	0	0	0	0	0
AC1KRY_002654	0	0	0	0	0	0	0	0	0	0	0
AC1KRY_002660	0	0	0	0	0	0	0	0	0	0	0
AC1KRY_002664	0	0	0	0	0	0	0	0	0	0	0
AC1KRY_002703	0	0	0	0	0	0	0	0	0	0	0
AC1KRY_002715	0	0	0	0	0	0	0	0	0	0	0
AC1KRY_002737	0	0	0	0	0	0	0	0	0	0	0
AC1KRY_002739	0	0	0	0	0	0	0	0	0	0	0
AC1KRY_002751	0	0	0	0	0	0	0	0	0	0	0
AC1KRY_002758	0	0	0	0	0	0	0	0	0	0	0
AC1KRY_002775	0	0	0	0	0	0	0	0	0	0	0
AC1KRY_002778	0	0	0	0	0	0	0	0	0	0	0
AC1KRY_002780	0	0	0	0	0	0	0	0	0	0	0
AC1KRY_002814	0	0	0	0	0	0	0	0	0	0	0
AC1KRY_002823	0	0	0	0	1	0	0	0	0	0	0
AC1KRY_002878	0	0	0	0	0	0	0	0	0	0	0
AC1KRY_002886	0	0	0	0	0	0	0	0	0	0	0
AC1KRY_002887	0	0	0	0	0	0	0	0	0	0	0
AC1KRY_002893	0	0	0	0	1	1	0	0	1	0	1
AC1KRY_002895	1	1	0	0	1	1	1	0	1	1	0
AC1KRY_002902	0	0	0	0	0	0	0	0	0	0	0
AC1KRY_002909	0	0	0	0	0	0	0	0	0	0	0
AC1KRY_002912	0	0	0	0	0	0	0	0	0	0	0
AC1KRY_002970	0	0	0	0	0	0	0	0	0	0	0
AC1KRY_002979	0	0	0	0	0	0	0	0	0	0	0
AC1KRY_003017	0	0	0	0	0	0	0	0	0	0	0
AC1KRY_003021	0	0	0	0	0	0	0	0	0	0	0
AC1KRY_003038	1	1	1	0	1	1	1	0	1	1	1
AC1KRY_003061	0	0	0	0	0	0	0	0	0	0	0
AC1KRY_003092	0	0	0	0	0	0	0	0	0	0	0
AC1KRY_003104	0	0	0	0	0	0	0	0	0	0	0
AC1KRY_003105	0	0	0	0	0	0	0	0	0	0	0
AC1KRY_003128	0	0	0	0	0	0	0	0	0	0	0
AC1KRY_003132	0	0	0	0	0	0	0	0	0	0	0
AC1KRY_003135	0	0	0	0	0	0	0	0	0	0	0
AC1KRY_003162	0	0	0	0	0	0	0	0	0	0	0
AC1KRY_003177	0	0	0	0	0	0	0	0	0	0	0
AC1KRY_003217	0	0	0	0	0	0	0	0	0	0	0
AC1KRY_003229	0	0	0	0	0	0	0	0	0	0	0
AC1KRY_003232	0	0	0	0	0	0	0	0	0	0	0
AC1KRY_003304	0	0	0	0	0	0	0	0	0	0	0
AC1KRY_003305	0	0	0	0	0	0	0	0	0	0	0
AC1KRY_003321	1	1	1	1	1	1	1	1	1	1	1
AC1KRY_003324	0	0	0	0	0	0	0	0	0	0	0
AC1KRY_003328	0	0	0	0	0	0	0	0	0	0	0
AC1KRY_003335	0	0	0	0	0	0	0	0	0	0	0
AC1KRY_003336	0	0	0	0	0	0	0	0	0	0	0
AC1KRY_003342	0	0	0	0	0	0	0	0	0	0	0
AC1KRY_003346	0	0	0	0	0	0	0	0	0	0	0
AC1KRY_003361	0	0	0	0	0	0	0	0	0	0	0
AC1KRY_003383	0	0	0	0	0	0	0	0	0	0	0
AC1KRY_003390	0	0	0	0	1	1	0	0	1	0	1
AC1KRY_003394	0	0	0	0	0	0	0	0	0	0	0
AC1KRY_003396	0	0	0	1	1	1	0	0	1	1	0
AC1KRY_003400	0	0	0	1	0	0	0	0	1	0	0
AC1KRY_003404	0	0	0	0	0	0	0	0	0	0	0
AC1KRY_003405	0	0	0	0	0	0	0	0	0	0	0
AC1KRY_003410	0	1	1	1	1	1	1	0	1	1	0
AC1KRY_003438	0	0	0	0	0	0	0	0	0	0	0
AC1KRY_003444	0	0	0	0	0	0	0	0	0	0	0
AC1KRY_003448	0	0	0	0	0	0	0	0	0	0	0
AC1KRY_003452	1	1	1	1	1	1	1	1	1	1	1
AC1KRY_003453	0	0	0	0	1	1	0	1	1	0	1
AC1KRY_003454	1	1	1	1	1	1	1	1	1	1	1
AC1KRY_003490	0	0	0	0	0	0	0	0	0	0	0
AC1KRY_003491	0	0	0	0	0	0	0	0	0	0	0
AC1KRY_003497	0	0	0	0	0	0	0	0	0	0	0
AC1KRY_003520	0	0	0	0	0	0	0	0	0	0	0
AC1KRY_003521	0	0	0	0	0	0	0	0	0	0	0
AC1KRY_003523	1	1	1	0	1	1	1	0	1	1	0
AC1KRY_003530	0	0	0	0	0	0	0	0	0	0	0
AC1KRY_003545	0	0	0	0	0	0	0	0	0	0	0
AC1KRY_003562	0	0	0	0	0	0	0	0	0	0	0
AC1KRY_003567	0	0	0	0	0	0	0	0	0	0	0
AC1KRY_003595	0	0	0	0	0	0	0	0	0	0	0
AC1KRY_003633	0	0	0	0	0	0	0	0	0	0	0
AC1KRY_003634	0	0	0	0	0	0	0	0	0	0	0
AC1KRY_003637	0	0	0	0	0	0	0	0	0	0	0
AC1KRY_003652	0	0	0	0	1	1	1	1	1	1	0
AC1KRY_003674	0	0	0	0	0	0	0	0	0	0	0
AC1KRY_003675	0	0	0	0	0	0	0	0	0	0	0
AC1KRY_003715	0	0	0	0	0	0	0	0	0	0	0
AC1KRY_003767	0	0	0	0	0	0	0	0	0	0	0
AC1KRY_003768	0	0	0	0	0	0	0	0	0	0	0
AC1KRY_003771	0	0	0	0	0	0	0	0	0	0	0
AC1KRY_003804	0	0	0	0	0	0	0	0	0	0	0
AC1KRY_003805	0	0	0	0	0	0	0	0	0	0	0
AC1KRY_003807	0	0	0	0	0	0	0	0	0	0	0
AC1KRY_003810	0	0	0	0	0	0	0	0	0	0	0
AC1KRY_003819	0	0	0	0	0	0	0	0	0	0	0
AC1KRY_003825	0	0	0	0	0	0	0	0	0	0	0
AC1KRY_003827	0	0	0	0	0	0	0	0	0	0	0
AC1KRY_003847	0	0	0	0	0	0	0	0	0	0	0
AC1KRY_003853	0	0	0	0	0	0	0	0	0	0	0
AC1KRY_003892	0	0	0	0	0	0	0	0	0	0	0
AC1KRY_003923	1	1	1	1	1	1	1	1	1	1	1
AC1KRY_003944	0	0	0	0	0	0	0	0	0	0	0
AC1KRY_003951	0	0	0	0	0	0	0	0	0	0	0
AC1KRY_003957	0	0	0	0	0	0	0	0	0	0	0
AC1KRY_003971	0	0	0	0	0	0	0	0	0	0	0
AC1KRY_003977	0	0	0	0	0	0	0	0	0	0	0
AC1KRY_003978	0	0	0	0	0	0	0	0	0	0	0
AC1KRY_003979	0	0	0	0	0	0	0	0	0	0	0
AC1KRY_003983	0	0	0	0	0	0	0	0	0	0	0
AC1KRY_004027	0	0	0	0	0	0	0	0	0	0	0
AC1KRY_004044	0	0	0	0	0	0	0	0	0	0	0
AC1KRY_004051	0	0	0	0	0	0	0	0	0	0	0
AC1KRY_004079	0	0	0	0	0	0	0	0	0	0	0
AC1KRY_004086	0	0	0	0	0	0	0	0	0	0	0
AC1KRY_004103	0	0	0	0	0	0	0	0	0	0	0
AC1KRY_004169	0	0	0	0	0	0	0	0	0	0	0
AC1KRY_004203	0	0	0	0	0	0	0	0	0	0	0
AC1KRY_004204	0	0	0	0	0	0	0	0	0	0	0
AC1KRY_004226	0	0	0	0	0	0	0	0	0	0	0
AC1KRY_004233	0	0	0	0	1	1	1	0	1	1	1
AC1KRY_004241	0	0	0	0	0	0	0	0	0	0	0
AC1KRY_004244	0	0	0	0	0	0	0	0	0	0	0
AC1KRY_004277	0	0	0	0	1	1	0	0	0	0	0
AC1KRY_004286	0	0	0	0	0	0	0	0	0	0	0
AC1KRY_004295	0	0	0	0	0	0	0	0	0	0	0
AC1KRY_004297	0	0	0	0	0	0	0	0	0	0	0
AC1KRY_004320	0	0	0	0	0	0	0	0	0	0	0
AC1KRY_004351	0	0	0	0	0	0	0	0	0	0	0
AC1KRY_004360	0	0	0	0	0	0	0	0	0	0	0
AC1KRY_004374	0	0	0	0	0	0	0	0	0	0	0
AC1KRY_004378	0	0	0	0	0	0	0	0	0	0	0
AC1KRY_004382	0	0	0	0	0	0	0	0	0	0	0
AC1KRY_004396	0	0	0	0	0	0	0	0	0	0	0
AC1KRY_004414	0	1	0	0	1	0	0	0	1	0	0
AC1KRY_004428	0	0	0	0	0	0	0	0	0	0	0
AC1KRY_004443	0	0	0	0	0	0	0	0	0	0	0
AC1KRY_004480	0	0	0	0	0	0	0	0	0	0	0
AC1KRY_004493	0	0	0	0	0	0	0	0	0	0	0
AC1KRY_004494	0	0	0	0	0	0	0	0	0	0	0
AC1KRY_004505	0	0	0	0	1	0	0	0	1	1	0
AC1KRY_004571	0	0	0	0	0	0	0	0	0	0	0
AC1KRY_004578	0	0	0	0	0	0	0	0	0	0	0
AC1KRY_004588	0	0	0	0	0	0	0	0	0	0	0
AC1KRY_004590	0	0	0	0	0	0	0	0	0	0	0
AC1KRY_004592	1	0	0	0	1	1	0	1	1	1	1
AC1KRY_004606	0	0	0	0	0	0	0	0	0	0	0
AC1KRY_004613	0	0	0	0	0	0	0	0	0	0	0
AC1KRY_004618	0	0	0	0	0	0	0	0	0	0	0
AC1KRY_004625	1	1	1	1	1	1	1	1	1	1	1
AC1KRY_004628	0	0	0	0	0	0	0	0	0	0	0
AC1KRY_004638	0	0	0	0	0	0	0	0	0	0	0
AC1KRY_004652	0	0	0	1	0	1	0	0	1	0	0
AC1KRY_004702	0	0	0	0	0	0	0	0	0	0	0
AC1KRY_004704	0	0	0	0	0	0	0	0	0	0	0
AC1KRY_004717	0	1	0	0	0	1	0	0	0	0	1
AC1KRY_004721	0	0	0	0	0	0	0	0	0	0	0
AC1KRY_004725	1	0	0	1	1	1	1	0	1	1	0
AC1KRY_004739	0	0	0	0	0	0	0	0	0	0	0
AC1KRY_004776	0	0	0	0	0	0	0	0	0	0	0
AC1KRY_004777	0	0	0	0	0	0	0	0	0	0	0
AC1KRY_004780	0	0	0	0	0	0	0	0	0	0	0
AC1KRY_004788	0	0	0	0	0	0	0	0	0	0	0
AC1KRY_004789	0	0	0	0	0	0	0	0	0	0	0
AC1KRY_004807	0	0	0	0	0	0	0	0	0	0	0
AC1KRY_004830	0	0	0	0	1	0	0	0	0	0	0
AC1KRY_004834	1	1	0	1	1	1	1	0	1	1	0
AC1KRY_004884	0	0	0	0	0	0	0	0	0	0	0
AC1KRY_004906	1	0	0	1	1	1	1	0	1	1	0
AC1KRY_004907	0	0	0	0	0	0	0	0	0	0	0
AC1KRY_004911	1	0	0	1	1	1	1	0	1	1	0
AC1KRY_004918	0	0	0	0	0	0	0	0	0	0	0
AC1KRY_004935	0	0	0	0	0	0	0	0	0	0	0
AC1KRY_004939	0	0	0	0	0	0	0	0	0	0	0
AC1KRY_004946	0	0	0	0	0	0	0	0	0	0	0
AC1KRY_004959	0	0	0	0	0	0	0	0	0	0	0
AC1KRY_004978	0	0	0	0	0	0	0	0	0	0	0
AC1KRY_004996	0	0	0	0	0	0	0	0	0	0	0
AC1KRY_005001	1	1	1	1	1	1	1	1	1	1	1
AC1KRY_005004	1	1	1	1	1	1	1	0	1	1	1
AC1KRY_005008	0	0	0	0	0	0	0	0	0	0	0
AC1KRY_005009	1	1	1	1	1	1	1	1	1	1	1
AC1KRY_005013	0	0	0	0	0	0	0	0	0	0	0
AC1KRY_005014	0	0	0	0	0	0	0	0	0	0	0
AC1KRY_005015	0	0	0	0	0	0	0	0	0	0	0
AC1KRY_005019	0	0	0	0	1	0	0	0	0	0	1
AC1KRY_005022	0	0	0	0	0	0	0	0	0	0	0
AC1KRY_005025	0	0	1	0	0	0	0	0	0	0	0
AC1KRY_005026	0	0	0	0	0	0	0	0	0	0	0
AC1KRY_005034	0	0	0	0	0	0	0	0	0	0	0
AC1KRY_005043	0	0	0	0	0	0	0	0	0	0	0
AC1KRY_005045	0	0	0	0	0	0	0	0	0	0	0
AC1KRY_005052	0	0	0	0	0	0	0	0	0	0	0
AC1KRY_005078	0	0	0	0	0	0	0	0	0	0	0
AC1KRZ_000001	0	0	0	0	0	0	0	0	0	0	0
AC1KRZ_000057	0	0	0	0	0	0	0	0	0	0	0
AC1KRZ_000069	0	0	0	0	0	0	0	0	0	0	0
AC1KRZ_000077	0	0	0	0	0	0	0	0	0	0	0
AC1KRZ_000086	0	0	0	0	0	0	0	0	0	0	0
AC1KRZ_000095	0	0	0	0	0	0	0	0	0	0	0
AC1KRZ_000097	0	0	0	0	0	0	0	0	0	0	0
AC1KRZ_000101	0	0	0	0	0	0	0	0	0	0	0
AC1KRZ_000130	0	0	0	0	0	0	0	0	0	0	0
AC1KRZ_000131	0	0	0	0	0	0	0	0	0	0	0
AC1KRZ_000148	0	0	0	0	0	0	0	0	0	0	0
AC1KRZ_000155	0	0	0	0	0	0	0	0	0	0	0
AC1KRZ_000159	0	0	0	0	0	0	0	0	0	0	0
AC1KRZ_000192	0	0	0	0	0	0	0	0	0	0	0
AC1KRZ_000218	0	0	0	0	0	0	0	0	0	0	0
AC1KRZ_000227	0	0	0	0	0	0	0	0	0	0	0
AC1KRZ_000246	0	0	0	0	0	0	0	0	0	0	0
AC1KRZ_000254	0	0	0	0	0	0	0	0	0	0	0
AC1KRZ_000257	1	0	0	1	1	1	1	0	1	1	0
AC1KRZ_000269	0	0	0	0	0	0	0	0	0	1	0
AC1KRZ_000300	0	0	0	0	0	0	0	0	0	0	0
AC1KRZ_000309	0	0	0	0	0	0	0	0	1	0	0
AC1KRZ_000314	0	0	0	1	1	1	0	1	1	0	0
AC1KRZ_000316	0	0	0	0	0	0	0	0	0	0	0
AC1KRZ_000317	0	0	0	0	0	0	0	0	0	0	0
AC1KRZ_000326	0	0	0	0	1	0	0	0	0	0	0
AC1KRZ_000333	0	0	0	0	1	1	0	0	1	1	0
AC1KRZ_000337	0	0	0	0	0	0	0	0	0	0	0
AC1KRZ_000338	0	0	0	0	0	0	0	0	0	0	0
AC1KRZ_000347	0	0	0	0	0	0	0	0	0	0	0
AC1KRZ_000374	0	0	0	0	0	0	0	0	0	0	0
AC1KRZ_000390	0	0	0	0	0	0	0	0	0	0	0
AC1KRZ_000392	1	1	1	1	1	1	1	1	1	1	1
AC1KRZ_000415	0	0	0	0	0	0	0	0	0	0	0
AC1KRZ_000436	1	0	0	0	0	0	1	1	0	0	0
AC1KRZ_000442	0	0	0	0	0	0	0	0	0	0	0
AC1KRZ_000468	0	0	0	0	0	0	0	0	0	0	0
AC1KRZ_000497	0	0	0	0	0	0	0	0	0	0	0
AC1KRZ_000498	0	0	0	0	0	0	0	0	0	0	0
AC1KRZ_000513	0	0	0	0	0	0	0	0	0	0	0
AC1KRZ_000534	0	0	1	0	1	1	0	0	1	0	0
AC1KRZ_000535	0	0	0	0	0	0	0	0	0	0	0
AC1KRZ_000537	0	0	0	0	0	0	0	0	0	0	0
AC1KRZ_000562	0	0	0	0	0	0	0	0	0	0	0
AC1KRZ_000565	0	0	0	0	0	0	0	0	0	0	0
AC1KRZ_000577	0	0	0	0	0	0	0	0	0	0	0
AC1KRZ_000603	0	0	0	0	0	0	0	0	0	0	0
AC1KRZ_000627	0	0	0	0	0	0	0	0	0	0	0
AC1KRZ_000634	0	0	0	0	0	0	0	0	0	0	0
AC1KRZ_000732	0	0	0	0	0	0	0	0	0	0	0
AC1KRZ_000743	0	0	0	0	0	0	0	0	0	0	0
AC1KRZ_000797	0	0	0	0	0	0	0	0	0	0	0
AC1KRZ_000801	0	0	0	0	0	0	0	0	0	0	0
AC1KRZ_000802	0	0	0	0	0	0	0	0	0	0	0
AC1KRZ_000816	0	0	0	0	0	0	0	0	0	0	0
AC1KRZ_000845	0	0	0	0	0	0	0	0	0	0	0
AC1KRZ_000849	0	0	1	1	1	1	1	1	1	1	1
AC1KRZ_000854	0	0	0	0	0	0	0	0	0	0	0
AC1KRZ_000960	0	0	0	0	0	0	0	0	0	0	0
AC1KRZ_000972	0	0	0	0	0	0	0	0	0	0	0
AC1KRZ_000976	0	0	0	0	0	0	0	0	0	0	0
AC1KRZ_000999	0	0	0	0	0	0	0	0	0	0	0
AC1KRZ_001001	0	0	0	0	0	0	0	0	0	0	0
AC1KRZ_001026	0	0	0	0	0	0	0	0	0	0	0
AC1KRZ_001039	0	0	0	0	0	0	0	0	0	0	0
AC1KRZ_001042	0	0	0	0	1	0	0	0	0	0	1
AC1KRZ_001051	0	0	0	0	0	0	0	0	0	0	0
AC1KRZ_001063	0	0	0	0	0	0	0	0	0	0	0
AC1KRZ_001123	1	0	1	0	0	0	0	0	0	0	1
AC1KRZ_001124	0	0	0	0	0	0	0	0	0	0	0
AC1KRZ_001140	0	0	0	0	0	0	0	0	0	0	0
AC1KRZ_001144	0	0	0	0	0	0	0	0	0	0	0
AC1KRZ_001154	0	0	0	0	0	0	0	0	0	0	0
AC1KRZ_001175	0	0	0	0	0	0	0	0	0	0	0
AC1KRZ_001186	0	0	0	0	0	0	0	0	0	0	0
AC1KRZ_001187	0	0	0	0	0	0	0	0	0	0	0
AC1KRZ_001217	0	0	0	0	0	0	0	0	0	0	0
AC1KRZ_001218	0	0	0	0	0	0	0	0	0	0	0
AC1KRZ_001223	0	0	0	0	0	0	0	0	0	0	0
AC1KRZ_001250	0	0	0	0	0	0	0	0	0	0	0
AC1KRZ_001254	0	0	0	1	1	1	0	0	1	1	0
AC1KRZ_001324	0	0	0	0	0	0	0	0	0	0	0
AC1KRZ_001331	0	0	0	0	0	0	0	0	0	0	0
AC1KRZ_001349	0	0	0	0	0	0	0	0	0	0	0
AC1KRZ_001353	0	0	0	0	0	0	0	0	0	0	0
AC1KRZ_001362	0	0	0	0	0	0	0	0	0	0	0
AC1KRZ_001390	0	0	0	1	0	0	0	0	0	0	0
AC1KRZ_001393	0	0	0	0	0	0	0	0	0	0	0
AC1KRZ_001408	0	0	0	0	0	0	0	0	0	0	0
AC1KRZ_001411	0	0	0	0	0	0	0	0	0	0	0
AC1KRZ_001416	0	0	0	0	0	0	0	0	0	0	0
AC1KRZ_001433	0	0	0	0	0	0	0	0	0	0	0
AC1KRZ_001458	0	0	0	0	0	0	0	0	0	0	0
AC1KRZ_001473	0	0	0	0	0	0	0	0	0	0	0
AC1KRZ_001481	0	0	0	0	0	0	0	0	0	0	0
AC1KRZ_001514	0	0	0	0	0	0	0	0	0	0	0
AC1KRZ_001574	0	0	0	0	0	0	0	0	0	0	0
AC1KRZ_001582	0	0	0	0	0	0	0	0	0	0	0
AC1KRZ_001644	0	0	0	0	0	0	0	0	0	0	0
AC1KRZ_001656	0	0	0	0	0	0	0	0	0	0	0
AC1KRZ_001663	0	0	0	0	1	0	0	0	0	0	0
AC1KRZ_001698	0	0	0	0	0	0	0	0	0	0	0
AC1KRZ_001699	0	0	0	0	0	0	0	0	0	0	0
AC1KRZ_001702	0	0	0	0	0	0	0	0	0	0	0
AC1KRZ_001716	0	0	0	0	1	1	1	1	1	1	0
AC1KRZ_001746	0	0	0	0	0	0	0	0	0	0	0
AC1KRZ_001753	1	1	1	0	1	1	1	0	1	1	0
AC1KRZ_001755	0	0	0	0	0	0	0	0	0	0	0
AC1KRZ_001756	0	0	0	0	0	0	0	0	0	0	0
AC1KRZ_001775	0	0	0	0	0	0	0	0	0	0	0
AC1KRZ_001776	0	0	0	0	0	0	0	0	0	0	0
AC1KRZ_001777	0	0	0	0	0	0	0	0	0	0	0
AC1KRZ_001783	0	0	0	0	0	0	0	0	0	0	0
AC1KRZ_001811	0	0	0	0	0	0	0	0	0	0	0
AC1KRZ_001814	0	0	0	0	0	0	0	0	0	0	0
AC1KRZ_001822	0	0	0	0	0	0	0	0	0	0	0
AC1KRZ_001838	0	0	0	0	0	0	0	0	0	0	0
AC1KRZ_001844	0	0	0	0	0	0	0	0	0	0	0
AC1KRZ_001846	0	0	0	0	0	0	0	0	0	0	0
AC1KRZ_001865	0	0	1	0	1	1	1	1	1	1	1
AC1KRZ_001876	0	0	0	0	0	0	0	0	0	0	0
AC1KRZ_001917	0	0	0	0	0	0	0	0	0	0	0
AC1KRZ_001926	0	0	0	0	0	0	0	0	0	0	0
AC1KRZ_001930	0	0	0	0	0	0	0	0	0	0	0
AC1KRZ_001944	0	0	0	0	0	0	0	0	0	0	0
AC1KRZ_001968	0	0	0	0	0	0	0	0	0	0	0
AC1KRZ_001997	0	0	0	0	0	0	0	0	0	0	0
AC1KRZ_002013	0	0	0	0	0	0	0	0	0	0	0
AC1KRZ_002016	0	0	0	0	0	0	0	0	0	0	0
AC1KRZ_002019	0	0	0	1	1	1	0	1	1	1	0
AC1KRZ_002030	0	0	0	0	0	0	0	0	0	0	0
AC1KRZ_002031	0	0	0	0	0	0	0	0	0	0	0
AC1KRZ_002076	0	0	0	0	0	0	0	0	0	0	0
AC1KRZ_002090	0	0	0	0	0	0	0	0	0	0	0
AC1KRZ_002103	0	0	0	0	0	0	0	0	0	0	0
AC1KRZ_002134	0	0	0	0	0	0	0	0	0	0	0
AC1KRZ_002151	0	0	0	0	0	0	0	0	0	0	0
AC1KRZ_002181	0	0	0	0	0	0	0	0	0	0	0
AC1KRZ_002191	0	0	0	0	0	0	0	0	0	0	0
AC1KRZ_002206	0	0	0	0	0	0	0	0	0	0	0
AC1KRZ_002236	0	0	0	0	0	0	0	0	0	0	0
AC1KRZ_002243	0	0	0	0	0	0	0	0	0	0	0
AC1KRZ_002300	0	0	0	0	0	0	0	0	0	0	0
AC1KRZ_002302	0	0	0	0	0	0	0	0	0	0	0
AC1KRZ_002303	0	0	0	0	0	0	0	0	0	0	0
AC1KRZ_002305	0	0	0	0	0	0	0	0	0	0	0
AC1KRZ_002346	1	1	1	1	1	1	1	1	1	1	1
AC1KRZ_002348	0	0	0	0	0	0	0	0	0	0	0
AC1KRZ_002349	0	0	0	0	0	0	0	0	0	0	0
AC1KRZ_002362	0	0	0	0	1	1	1	0	1	1	0
AC1KRZ_002365	0	0	0	0	0	0	0	0	0	0	0
AC1KRZ_002377	0	0	0	0	0	0	0	0	0	0	0
AC1KRZ_002386	0	0	0	0	1	1	0	0	0	0	0
AC1KRZ_002437	0	0	0	0	0	0	0	0	0	0	0
AC1KRZ_002446	0	0	0	0	0	0	0	0	0	0	0
AC1KRZ_002505	1	1	1	1	1	1	1	1	1	1	1
AC1KRZ_002508	0	0	0	0	0	0	0	0	0	0	0
AC1KRZ_002513	0	0	0	0	0	0	0	0	0	0	0
AC1KRZ_002568	0	0	0	0	0	0	0	0	0	0	0
AC1KRZ_002569	0	0	0	0	0	0	0	0	0	0	0
AC1KRZ_002575	0	0	0	0	0	0	0	0	0	0	0
AC1KRZ_002581	0	0	0	0	0	0	0	0	0	0	0
AC1KRZ_002583	0	0	0	0	0	0	0	0	0	0	0
AC1KRZ_002593	0	0	0	0	0	0	0	0	0	0	0
AC1KRZ_002605	0	0	0	0	0	0	0	0	0	0	0
AC1KRZ_002607	0	0	0	0	0	0	0	0	0	0	0
AC1KRZ_002617	0	0	0	0	0	0	0	0	0	0	0
AC1KRZ_002624	1	0	0	1	0	0	0	0	0	0	1
AC1KRZ_002639	0	0	0	0	0	0	0	0	0	0	0
AC1KRZ_002643	0	0	0	0	0	0	0	0	0	0	0
AC1KRZ_002666	0	0	0	1	0	0	0	0	1	0	0
AC1KRZ_002678	0	0	0	0	0	0	0	0	0	0	0
AC1KRZ_002695	0	0	0	0	0	0	0	0	0	1	0
AC1KRZ_002699	0	0	0	0	0	0	0	0	0	0	0
AC1KRZ_002701	0	0	0	0	0	0	0	0	0	0	0
AC1KRZ_002711	0	0	0	0	0	0	0	0	0	0	0
AC1KRZ_002739	0	0	0	0	0	0	0	0	0	0	0
AC1KRZ_002760	0	0	0	0	0	0	0	0	0	0	0
AC1KRZ_002832	0	0	0	0	0	0	0	0	0	0	0
AC1KRZ_002835	0	0	0	0	0	0	0	0	0	0	0
AC1KRZ_002850	0	0	0	0	0	0	0	0	0	0	0
AC1KRZ_002883	0	0	0	0	0	0	0	0	0	0	0
AC1KRZ_002890	0	0	0	0	0	0	0	0	0	0	0
AC1KRZ_002906	0	0	0	0	0	0	0	0	0	0	0
AC1KRZ_002915	0	0	0	0	0	0	0	0	0	0	0
AC1KRZ_002980	0	0	0	0	0	0	0	0	0	0	0
AC1KRZ_002997	1	1	1	0	1	1	1	0	1	1	1
AC1KRZ_003021	0	0	0	0	0	0	0	0	0	0	0
AC1KRZ_003030	0	0	0	0	0	0	0	0	0	0	0
AC1KRZ_003034	0	1	0	0	1	0	0	0	1	0	0
AC1KRZ_003054	0	0	0	0	0	0	0	0	0	0	0
AC1KRZ_003068	0	0	0	0	0	0	0	0	0	0	0
AC1KRZ_003072	0	0	0	0	0	0	0	0	0	0	0
AC1KRZ_003078	0	0	0	0	0	0	0	0	0	0	0
AC1KRZ_003079	0	0	0	0	0	0	0	0	0	0	0
AC1KRZ_003085	0	0	0	0	0	0	0	0	0	0	0
AC1KRZ_003090	1	1	1	1	1	1	1	1	1	1	1
AC1KRZ_003100	0	0	0	0	0	0	0	0	0	0	0
AC1KRZ_003113	1	1	1	1	1	1	1	1	1	1	1
AC1KRZ_003116	0	0	0	0	0	0	0	0	0	0	0
AC1KRZ_003131	0	0	0	0	0	0	0	0	0	0	0
AC1KRZ_003162	0	0	0	0	0	0	0	0	0	0	0
AC1KRZ_003206	0	0	0	0	0	0	0	0	0	0	0
AC1KRZ_003212	0	0	0	0	0	0	0	0	0	0	0
AC1KRZ_003216	0	0	0	0	0	0	0	0	1	0	0
AC1KRZ_003231	0	0	0	0	0	0	0	0	0	0	0
AC1KRZ_003235	0	0	0	0	0	0	0	0	0	0	0
AC1KRZ_003265	0	0	0	0	0	0	0	0	0	0	0
AC1KRZ_003286	0	0	0	0	0	0	0	0	0	0	0
AC1KRZ_003287	0	0	0	0	0	0	0	0	0	0	0
AC1KRZ_003295	0	0	0	0	0	0	0	0	0	0	0
AC1KRZ_003307	0	0	0	0	0	0	0	0	0	0	0
AC1KRZ_003308	0	0	0	0	0	0	0	0	0	0	0
AC1KRZ_003310	0	0	0	0	0	0	0	0	0	0	0
AC1KRZ_003314	0	0	0	0	0	0	0	0	0	0	0
AC1KRZ_003336	0	0	0	0	0	0	0	0	0	0	0
AC1KRZ_003353	0	0	0	0	0	0	0	0	0	0	0
AC1KRZ_003376	0	0	0	0	0	0	0	0	0	0	0
AC1KRZ_003377	0	0	0	0	0	0	0	0	0	0	0
AC1KRZ_003407	0	0	0	0	0	0	0	0	0	0	0
AC1KRZ_003423	0	0	0	0	0	0	0	0	0	0	0
AC1KRZ_003431	0	0	0	0	0	0	0	0	0	0	0
AC1KRZ_003449	0	0	0	0	0	0	0	0	0	0	0
AC1KRZ_003470	0	0	0	0	0	0	0	0	0	0	0
AC1KRZ_003475	0	0	0	0	0	0	0	0	0	0	0
AC1KRZ_003477	0	0	0	0	0	0	0	0	0	0	0
AC1KRZ_003478	0	0	0	0	0	0	0	0	0	0	0
AC1KRZ_003514	0	0	0	0	0	0	0	0	0	0	0
AC1KRZ_003518	0	0	0	0	0	0	0	0	0	0	0
AC1KRZ_003545	0	0	0	0	0	0	0	0	0	0	0
AC1KRZ_003546	0	0	0	0	0	0	0	0	0	0	0
AC1KRZ_003548	0	1	0	1	1	1	1	1	1	1	1
AC1KRZ_003552	0	0	0	1	0	0	0	0	1	0	0
AC1KRZ_003555	0	0	0	1	1	1	0	0	1	1	0
AC1KRZ_003557	0	0	0	0	0	0	0	0	0	0	0
AC1KRZ_003560	0	0	0	0	1	1	0	0	1	0	1
AC1KRZ_003567	0	0	0	0	0	0	0	0	0	0	0
AC1KRZ_003591	0	0	0	0	0	0	0	0	0	0	0
AC1KRZ_003596	0	0	0	0	0	0	0	0	0	0	0
AC1KRZ_003618	0	0	0	0	0	0	0	0	0	0	0
AC1KRZ_003634	0	0	0	0	0	0	0	0	0	0	0
AC1KRZ_003668	0	0	0	0	0	0	0	0	0	0	0
AC1KRZ_003680	0	0	0	0	0	0	0	0	0	0	0
AC1KRZ_003699	0	0	0	0	0	0	0	0	0	0	0
AC1KRZ_003702	0	0	0	0	0	0	0	0	0	0	0
AC1KRZ_003709	0	0	0	0	0	0	0	0	0	0	0
AC1KRZ_003742	0	0	0	0	0	0	0	0	0	0	0
AC1KRZ_003760	0	0	0	0	0	0	0	0	0	0	0
AC1KRZ_003767	0	0	0	0	0	0	0	0	0	0	0
AC1KRZ_003778	0	0	0	0	0	0	0	0	0	0	0
AC1KRZ_003785	0	0	0	0	0	0	0	0	0	0	0
AC1KRZ_003816	0	0	0	0	0	0	0	0	0	0	0
AC1KRZ_003820	0	0	0	0	0	0	0	0	0	0	0
AC1KRZ_003836	0	0	0	0	1	1	0	0	1	0	1
AC1KRZ_003848	0	0	0	0	0	0	0	0	0	0	0
AC1KRZ_003869	0	0	0	0	0	0	0	0	0	0	0
AC1KRZ_003873	0	0	0	0	0	0	0	0	0	0	0
AC1KRZ_003895	0	0	0	0	0	0	0	0	0	0	0
AC1KRZ_003901	0	0	0	0	0	0	0	0	0	0	0
AC1KRZ_003933	0	0	0	0	0	0	0	0	0	0	0
AC1KRZ_003954	0	0	0	0	0	0	0	0	0	0	0
AC1KRZ_003956	0	0	0	0	0	0	0	0	0	0	0
AC1KRZ_003957	0	0	0	1	0	1	0	0	1	0	0
AC1KRZ_003960	0	0	0	0	0	0	0	0	1	0	0
AC1KRZ_003971	0	0	0	0	0	0	0	0	0	0	0
AC1KRZ_003980	0	0	0	0	0	0	0	0	0	0	0
AC1KRZ_003981	0	0	0	0	0	0	0	0	0	0	0
AC1KRZ_003986	1	1	1	1	1	1	1	1	1	1	1
AC1KRZ_003987	0	0	0	0	0	0	0	0	0	0	0
AC1KRZ_003989	1	1	1	1	1	1	1	0	1	1	1
AC1KRZ_003995	0	0	0	0	0	0	0	0	0	0	0
AC1KRZ_003997	0	0	0	0	0	0	0	0	0	0	0
AC1KRZ_004058	0	0	0	0	0	0	0	0	0	0	0
AC1KRZ_004059	0	0	0	0	0	0	0	0	0	0	0
AC1KRZ_004070	1	0	0	1	1	1	1	0	1	1	0
AC1KRZ_004072	0	0	0	0	0	0	0	0	0	0	0
AC1KRZ_004073	0	0	0	0	0	0	0	0	0	0	0
AC1KRZ_004085	0	0	0	0	0	0	0	0	0	0	0
AC1KRZ_004099	0	0	0	0	0	0	0	0	0	0	0
AC1KRZ_004142	0	0	0	0	0	0	0	0	0	0	0
AC1KRZ_004143	0	0	0	0	0	0	0	0	0	0	0
AC1KRZ_004145	0	0	0	0	1	0	1	0	1	0	0
AC1KRZ_004177	0	0	0	0	0	0	0	0	0	0	0
AC1KRZ_004195	0	0	0	0	0	0	0	0	0	0	0
AC1KRZ_004205	0	0	0	0	0	0	0	0	0	0	0
AC1KRZ_004258	0	0	0	0	0	0	0	0	0	0	0
AC1KRZ_004275	0	1	1	1	1	1	1	1	1	1	1
AC1KRZ_004277	0	0	0	0	0	0	0	0	0	0	0
AC1KRZ_004320	0	0	0	0	0	0	0	0	0	0	0
AC1KRZ_004322	0	0	0	0	0	0	0	0	0	0	0
AC1KRZ_004328	0	0	0	0	0	0	0	0	0	0	0
AC1KRZ_004337	0	0	0	0	0	0	0	0	0	0	0
AC1KRZ_004351	0	0	0	0	0	0	0	0	0	0	0
AC1KRZ_004358	0	0	0	0	0	0	0	0	0	0	0
AC1KRZ_004371	0	0	0	0	0	0	0	0	0	0	0
AC1KRZ_004373	0	0	0	0	0	0	0	0	0	0	0
AC1KRZ_004447	0	0	0	0	0	0	0	0	0	0	0
AC1KRZ_004451	0	0	0	0	0	0	0	0	0	0	0
AC1KRZ_004503	0	0	0	0	0	0	0	0	0	0	0
AC1KRZ_004506	0	0	0	0	0	0	0	0	0	0	0
AC1KRZ_004507	0	0	0	0	0	0	0	0	0	0	0
AC1KRZ_004517	0	0	0	0	0	0	0	0	0	0	0
AC1KRZ_004533	0	0	0	0	0	0	0	0	0	0	0
AC1KRZ_004535	0	0	0	0	0	0	0	0	0	0	0
AC1KRZ_004539	0	0	0	0	0	0	0	0	0	0	0
AC1KRZ_004569	0	0	0	0	0	0	0	0	0	0	0
AC1KRZ_004575	0	0	0	0	0	0	0	0	0	0	0
AC1KRZ_004598	0	0	0	0	0	0	0	0	0	0	0
AC1KRZ_004610	1	1	1	1	1	1	1	1	1	1	1
AC1KRZ_004611	0	0	0	0	1	1	0	1	1	0	1
AC1KRZ_004617	0	0	0	0	0	0	0	0	0	0	0
AC1KRZ_004621	0	0	0	0	0	0	0	0	0	0	0
AC1KRZ_004624	0	0	0	0	0	0	0	0	0	0	0
AC1KRZ_004647	1	1	1	1	1	1	1	1	1	1	1
AC1KRZ_004653	1	1	1	0	1	1	1	0	1	1	0
AC1KRZ_004664	0	0	0	0	0	0	0	0	0	0	0
AC1KRZ_004668	0	0	0	0	0	0	0	0	0	0	0
AC1KRZ_004673	0	0	0	0	0	0	0	0	0	0	0
AC1KRZ_004680	0	0	0	0	0	0	0	0	0	0	0
AC1KRZ_004694	0	0	0	0	0	0	0	0	0	0	0
AC1KRZ_004711	0	0	0	0	0	0	0	0	0	0	0
AC1KRZ_004721	0	0	0	0	0	0	0	0	0	0	0
AC1KRZ_004722	0	1	1	1	1	1	1	1	1	1	1
AC1KRZ_004725	0	0	0	0	0	0	0	0	0	0	0
AC1KRZ_004741	0	0	0	0	0	0	0	0	0	0	0
AC1KRZ_004759	0	0	0	0	0	0	0	0	0	0	0
AC1KRZ_004771	0	0	0	0	0	0	0	0	0	0	0
AC1KRZ_004786	0	0	0	0	0	0	0	0	0	0	0
AC1KRZ_004813	0	0	0	0	0	0	0	0	0	0	0
AC1KRZ_004816	0	0	0	0	0	0	0	0	0	0	0
AC1KRZ_004843	0	0	0	0	1	1	0	0	0	0	0
AC1KRZ_004866	0	0	0	0	0	0	0	0	0	0	0
AC1KRZ_004869	0	0	0	0	0	0	0	0	0	0	0
AC1KRZ_004878	0	0	0	0	0	0	0	0	0	0	0
AC1KRZ_004883	0	0	0	0	0	0	0	0	0	0	0
AC1KRZ_004897	0	0	0	0	1	0	0	0	0	0	0
AC1KRZ_004901	0	0	0	0	0	0	0	0	0	0	0
AC1KRZ_004902	0	0	0	0	0	0	0	0	0	0	0
AC1KRZ_004912	0	0	0	0	0	0	0	0	0	0	0
AC1KRZ_004918	0	0	0	0	0	0	0	0	0	0	0
AC1KRZ_004929	0	0	0	0	0	0	0	0	0	0	0
AC1KRZ_004934	1	1	1	1	1	1	1	1	1	1	1
AC1KRZ_004937	1	1	0	1	1	1	1	0	1	1	1
AC1KRZ_004940	0	0	1	0	1	0	0	0	0	0	0
AC1KRZ_004947	0	0	0	0	0	0	0	0	0	0	0
AC1KRZ_004949	0	0	0	0	0	0	0	0	0	0	0
AC1KRZ_004957	0	0	0	0	0	0	0	0	0	0	0
AC1KRZ_004963	0	0	0	0	0	0	0	0	0	0	0
AC1KRZ_004980	0	0	1	0	0	0	0	0	0	0	0
AC1KRZ_004985	0	0	0	0	0	0	0	0	0	0	0
AC1KRZ_004987	0	0	0	0	0	0	0	0	0	0	0
AC1KRZ_004996	1	1	1	0	1	1	1	0	1	1	0
AC1KRZ_004998	0	0	0	0	0	0	0	0	0	0	0
AC1KRZ_005013	0	0	0	0	0	0	0	0	0	0	0
AC1KRZ_005028	1	0	0	0	1	1	0	1	1	1	1
AC1KRZ_005030	0	0	0	0	0	0	0	0	0	0	0
AC1KRZ_005032	0	0	0	0	0	0	0	0	0	0	0
AC1KRZ_005046	0	0	0	0	0	0	0	0	0	0	0
AC1KRZ_005051	0	0	0	0	0	0	0	0	0	0	0
AC1KRZ_005082	0	0	0	0	0	0	0	0	0	0	0
AC1KRZ_005094	0	0	0	0	0	0	0	0	0	1	0
